Packet Size,Completion Time (s)
100,0.012512922286987305
200,0.012524127960205078
400,0.012523651123046875
500,0.01252603530883789
